{"cameraMode":{"drawMode":0,"name":"Shaded","section":"Shading Mode"},"sceneLighting":false,"audioPlay":false,"sceneViewState":{"m_AlwaysRefresh":false,"showFog":true,"showSkybox":false,"showFlares":true,"showImageEffects":true,"showParticleSystems":true,"showVisualEffectGraphs":true,"m_FxEnabled":true},"in2DMode":false,"pivot":{"x":0.2409534454345703,"y":-0.882861852645874,"z":-0.008728384971618653},"rotation":{"x":0.08395034074783325,"y":-0.6552607417106628,"z":0.07363057881593704,"w":0.7471054792404175},"size":5.157021999359131,"orthographic":false}