{"cameraMode":{"drawMode":0,"name":"Shaded","section":"Shading Mode"},"sceneLighting":false,"audioPlay":false,"sceneViewState":{"m_AlwaysRefresh":false,"showFog":true,"showSkybox":false,"showFlares":true,"showImageEffects":true,"showParticleSystems":true,"showVisualEffectGraphs":true,"m_FxEnabled":true},"in2DMode":false,"pivot":{"x":7.9209160804748539,"y":1.7960208654403687,"z":-9.623574256896973},"rotation":{"x":-0.046568937599658969,"y":-0.9533393383026123,"z":0.21307778358459474,"w":-0.20833654701709748},"size":16.197080612182618,"orthographic":false}