{"cameraMode":{"drawMode":0,"name":"Shaded","section":"Shading Mode"},"sceneLighting":false,"audioPlay":false,"sceneViewState":{"m_AlwaysRefresh":false,"showFog":true,"showSkybox":false,"showFlares":true,"showImageEffects":true,"showParticleSystems":true,"showVisualEffectGraphs":true,"m_FxEnabled":true},"in2DMode":false,"pivot":{"x":-5.960464477539063e-8,"y":0.05050259828567505,"z":0.06105244159698486},"rotation":{"x":0.016223710030317308,"y":0.956929624080658,"z":-0.28440725803375246,"w":0.054672323167324069},"size":1.3736778497695923,"orthographic":false}