{"cameraMode":{"drawMode":0,"name":"Shaded","section":"Shading Mode"},"sceneLighting":false,"audioPlay":false,"sceneViewState":{"m_AlwaysRefresh":false,"showFog":true,"showSkybox":false,"showFlares":true,"showImageEffects":true,"showParticleSystems":true,"showVisualEffectGraphs":true,"m_FxEnabled":true},"in2DMode":false,"pivot":{"x":0.6424955129623413,"y":2.4149973392486574,"z":0.6421632766723633},"rotation":{"x":-0.011557667516171933,"y":0.95760178565979,"z":0.03880444914102554,"w":0.2852373421192169},"size":1.8645411729812623,"orthographic":false}